Postcode,Latitude,Longitude
0800,-12.4634,130.8456
0801,-12.4634,130.8456
0804,-12.4311,130.8426
0810,-12.4311,130.8426
0812,-12.4333,130.8833
0820,-12.3761,130.8772
0822,-12.3500,130.9500
0828,-12.4378,130.9156
0829,-12.4333,130.8833
0830,-12.3875,130.8453
0832,-12.3833,130.9000
0834,-12.3667,130.8833
0835,-12.3667,130.9000
0836,-12.3667,130.9167
0837,-12.3500,130.9000
0838,-12.3500,130.9167
0850,-12.5833,131.1167
0852,-12.6500,131.2833
0860,-13.0500,131.0333
0862,-13.7167,131.9833
0870,-23.6980,133.8807
0871,-23.6980,133.8807
0872,-23.6980,133.8807
0880,-19.6500,134.1833
0885,-14.4667,132.2667
0886,-14.4667,132.2667
2000,-33.8688,151.2093
2001,-33.8688,151.2093
2002,-33.8688,151.2093
2004,-33.9167,151.1833
2006,-33.8869,151.2011
2007,-33.8797,151.1989
2008,-33.8906,151.1942
2009,-33.8719,151.1942
2010,-33.8792,151.2194
2011,-33.8700,151.2200
2015,-33.9111,151.2019
2016,-33.8933,151.2047
2017,-33.8992,151.2069
2018,-33.9167,151.2000
2019,-33.9500,151.2167
2020,-33.9261,151.1950
2021,-33.8964,151.2342
2022,-33.8914,151.2472
2023,-33.8806,151.2536
2024,-33.8914,151.1381
2025,-33.8856,151.2422
2026,-33.8908,151.2743
2027,-33.8711,151.2431
2028,-33.8778,151.2439
2029,-33.8792,151.2578
2030,-33.9122,151.2644
2031,-33.9106,151.2497
2032,-33.9108,151.2361
2033,-33.9086,151.2219
2034,-33.9203,151.2078
2035,-33.9164,151.2269
2036,-33.9200,151.2406
2037,-33.8669,151.1808
2038,-33.8556,151.1667
2039,-33.8547,151.1806
2040,-33.8564,151.1931
2041,-33.8611,151.1808
2042,-33.8694,151.1931
2043,-33.8578,151.1556
2044,-33.8742,151.1528
2045,-33.8669,151.1369
2046,-33.8486,151.1417
2047,-33.8386,151.1500
2048,-33.8578,151.1036
2049,-33.8806,151.1711
2050,-33.8944,151.1825
2060,-33.8391,151.2069
2061,-33.8281,151.2133
2062,-33.8294,151.2019
2063,-33.8147,151.2031
2064,-33.8208,151.1894
2065,-33.8281,151.2292
2066,-33.8208,151.2069
2067,-33.8094,151.1992
2068,-33.8086,151.1842
2069,-33.7547,151.1808
2070,-33.7422,151.1733
2071,-33.7300,151.1667
2072,-33.7383,151.1450
2073,-33.7506,151.1250
2074,-33.7286,151.1167
2075,-33.7089,151.0764
2076,-33.7564,151.0597
2077,-33.7469,151.0917
2079,-33.7186,151.0556
2080,-33.7000,151.1667
2081,-33.6867,151.1500
2082,-33.6833,151.1167
2083,-33.6667,151.1000
2084,-33.6536,151.1133
2085,-33.6672,151.1244
2086,-33.6833,151.1333
2087,-33.6933,151.1431
2088,-33.7000,151.1333
2089,-33.7133,151.1539
2090,-33.7969,151.1831
2091,-33.8133,151.1667
2092,-33.8264,151.1756
2093,-33.8467,151.1739
2094,-33.8589,151.1644
2095,-33.8711,151.1556
2096,-33.8806,151.1417
2097,-33.9000,151.1333
2099,-33.7514,151.2803
2100,-33.7714,151.2661
2101,-33.7833,151.2833
2102,-33.7500,151.2500
2103,-33.7667,151.2333
2104,-33.7167,151.2167
2105,-33.7333,151.2000
2106,-33.7167,151.1833
2107,-33.7500,151.1667
2108,-33.7667,151.1500
2110,-33.8167,151.1000
2111,-33.8000,151.0833
2112,-33.7833,151.0667
2113,-33.7667,151.0833
2114,-33.7667,151.1000
2115,-33.7833,151.1167
2116,-33.7667,151.1333
2117,-33.7500,151.1333
2118,-33.7333,151.1167
2119,-33.7333,151.1000
2120,-33.7167,151.1000
2121,-33.7167,151.0833
2122,-33.7000,151.0833
2125,-33.6500,151.0833
2126,-33.6333,151.1000
2127,-33.6167,151.1000
2128,-33.6500,151.0667
2130,-33.8833,151.1167
2131,-33.8667,151.1167
2132,-33.8667,151.1000
2133,-33.8500,151.1000
2134,-33.8500,151.0833
2135,-33.8667,151.0833
2136,-33.8500,151.0667
2137,-33.8333,151.0667
2138,-33.8333,151.0500
2140,-33.8667,151.0500
2141,-33.8500,151.0500
2142,-33.8500,151.0333
2143,-33.8333,151.0333
2144,-33.8167,151.0333
2145,-33.8167,151.0167
2146,-33.8000,151.0333
2147,-33.8000,151.0167
2148,-33.7833,151.0167
2150,-33.8150,151.0000
2151,-33.8000,151.0000
2152,-33.7833,151.0000
2153,-33.7667,150.9833
2154,-33.7500,150.9833
2155,-33.7333,150.9667
2156,-33.7167,150.9667
2158,-33.7333,150.9333
2159,-33.7500,150.9333
2160,-33.8333,150.9167
2161,-33.8500,150.9167
2162,-33.8667,150.9333
2163,-33.8833,150.9333
2164,-33.8833,150.9167
2165,-33.9000,150.9333
2166,-33.9167,150.9167
2167,-33.9167,150.9333
2168,-33.9333,150.9167
2170,-33.9167,150.9167
2171,-33.9333,150.9333
2172,-33.9500,150.9167
2173,-33.9500,150.9333
2174,-33.9333,150.9000
2175,-33.9667,150.9333
2176,-33.9833,150.9167
2177,-33.9833,150.9333
2178,-33.9667,150.9500
2179,-34.0000,150.9333
2190,-33.9167,151.0667
2191,-33.9333,151.0667
2192,-33.9500,151.0833
2193,-33.9667,151.0833
2194,-33.9833,151.0833
2195,-33.9667,151.1000
2196,-33.9833,151.1000
2197,-34.0000,151.1000
2198,-34.0000,151.1167
2199,-34.0167,151.1167
2200,-34.0500,151.1167
2203,-34.0167,151.0833
2204,-34.0333,151.1000
2205,-34.0500,151.1000
2206,-34.0167,151.1000
2207,-34.0500,151.0833
2208,-34.0333,151.0667
2209,-34.0167,151.0667
2210,-34.0500,151.0667
2211,-34.0667,151.0500
2212,-34.0833,151.0500
2213,-34.0833,151.0667
2214,-34.0667,151.0833
2216,-34.0667,151.1000
2217,-34.0833,151.0833
2218,-34.0500,151.1333
2219,-34.0333,151.1333
2220,-34.0167,151.1333
2221,-34.0333,151.1500
2222,-34.0167,151.1500
2223,-34.0000,151.1333
2224,-33.9833,151.1333
2225,-33.9667,151.1333
2226,-33.9833,151.1500
2227,-34.0000,151.1500
2228,-34.0167,151.1667
2229,-34.0333,151.1667
2230,-34.0500,151.1500
2231,-34.0667,151.1333
2232,-34.0667,151.1167
2233,-34.0833,151.1333
2234,-34.0833,151.1500
2250,-33.4244,151.3428
2251,-33.4000,151.3333
2256,-33.3833,151.3500
2257,-33.3667,151.3500
2258,-33.3500,151.3333
2259,-33.3333,151.3333
2260,-33.3167,151.3333
2261,-33.3000,151.3333
2262,-33.2833,151.3500
2263,-33.2833,151.3167
2264,-33.2667,151.3167
2265,-33.2500,151.3333
2267,-33.2167,151.3333
2278,-33.1833,151.5667
2280,-33.1000,151.5667
2281,-33.0833,151.5500
2282,-33.0833,151.6333
2283,-33.0667,151.6500
2284,-33.0333,151.6667
2285,-33.0167,151.6500
2286,-33.0000,151.6333
2287,-32.9833,151.6333
2289,-32.9333,151.7833
2290,-32.9333,151.7500
2291,-32.9333,151.7667
2292,-32.9500,151.7333
2293,-32.9500,151.7500
2294,-32.9500,151.7167
2295,-32.9667,151.7167
2296,-32.9667,151.7333
2297,-32.9833,151.7000
2298,-32.9833,151.7167
2299,-32.9833,151.7333
2300,-32.9167,151.7500
2302,-32.9167,151.7667
2303,-32.9000,151.7333
2304,-32.9000,151.7500
2305,-32.9167,151.7333
2306,-32.8833,151.7000
2307,-32.8667,151.7000
2308,-32.8500,151.7167
2311,-32.8000,151.7167
2312,-32.8000,151.6833
2314,-32.7667,151.6500
2315,-32.7667,151.6833
2316,-32.7500,151.6667
2317,-32.7333,151.6833
2318,-32.7167,151.6833
2319,-32.7000,151.6667
2320,-32.6833,151.6333
2321,-32.6667,151.5833
2322,-32.6500,151.5833
2323,-32.6333,151.5667
2324,-32.6167,151.5833
2325,-32.6000,151.5667
2326,-32.5833,151.5500
2327,-32.5667,151.5333
2328,-32.5500,151.5333
2329,-32.5333,151.5167
2330,-32.5167,151.5167
2333,-32.4000,151.5833
2334,-32.3833,151.6000
2335,-32.3667,151.6000
2336,-32.3500,151.5833
2337,-32.3333,151.5667
2338,-32.3167,151.5500
2339,-32.3000,151.5333
2340,-31.1000,150.9167
2341,-31.0833,150.9000
2343,-31.0333,150.8667
2344,-31.0000,150.8500
2345,-30.9667,150.8333
2346,-30.9333,150.8167
2347,-30.9000,150.8000
2350,-30.5333,151.6667
2351,-30.5000,151.6500
2352,-30.4667,151.6333
2353,-30.4333,151.6167
2354,-30.4000,151.6000
2355,-30.3667,151.5833
2356,-30.3333,151.5667
2357,-30.3000,151.5500
2358,-30.2667,151.5333
2359,-30.2333,151.5167
2360,-30.2000,151.5000
2361,-30.1667,151.4833
2365,-29.6833,152.9167
2369,-29.5000,151.9167
2370,-29.4833,151.9333
2371,-29.4667,151.9500
2372,-29.4500,151.9667
2379,-29.2667,150.9167
2380,-29.2500,150.9000
2381,-29.2333,150.8833
2382,-29.2167,150.8667
2390,-29.0333,150.1500
2395,-28.9167,149.8333
2396,-28.9000,149.8167
2397,-28.8833,149.8000
2398,-28.8667,149.7833
2399,-28.8500,149.7667
2400,-28.8333,149.7500
2401,-28.8167,149.7333
2402,-28.8000,149.7167
2403,-28.7833,149.7000
2404,-28.7667,149.6833
2405,-28.7500,149.6667
2406,-28.7333,149.6500
2408,-28.7000,149.6167
2409,-28.6833,149.6000
2410,-28.6667,149.5833
2411,-28.6500,149.5667
2415,-28.5500,153.1000
2420,-32.3000,152.0667
2421,-32.2833,152.0500
2422,-32.2667,152.0333
2423,-32.2500,152.0167
2424,-32.2333,152.0000
2425,-32.2167,151.9833
2426,-32.2000,151.9667
2427,-32.1833,151.9500
2428,-32.1667,151.9333
2429,-32.1500,151.9167
2430,-32.1333,151.9000
2431,-32.1167,151.8833
2439,-31.4333,152.9000
2440,-31.4000,152.9167
2441,-31.3667,152.9333
2443,-31.3000,152.9000
2444,-31.2667,152.8833
2445,-31.2333,152.8667
2446,-31.2000,152.8500
2447,-31.1667,152.8333
2448,-31.1333,152.8167
2449,-31.1000,152.8000
2450,-30.2986,153.1144
2452,-30.2667,153.1000
2453,-30.2333,153.0833
2454,-30.2000,153.0667
2455,-30.1667,153.0500
2456,-30.1333,153.0333
2460,-29.6833,153.0333
2462,-29.6333,153.0167
2463,-29.6000,153.0000
2464,-29.5667,152.9833
2465,-29.5333,152.9667
2466,-29.5000,152.9500
2469,-29.3667,152.9000
2470,-29.3333,152.8833
2471,-29.3000,152.8667
2472,-29.2667,152.8500
2473,-29.2333,152.8333
2474,-29.2000,152.8167
2475,-29.1667,152.8000
2476,-29.1333,152.7833
2477,-29.1000,152.7667
2478,-29.0667,152.7500
2479,-28.8667,153.3167
2480,-28.8142,153.2789
2481,-28.7833,153.2833
2482,-28.7500,153.2667
2483,-28.7167,153.2500
2484,-28.6833,153.2333
2485,-28.6500,153.2167
2486,-28.6167,153.2000
2487,-28.5833,153.1833
2488,-28.5500,153.1667
2489,-28.5167,153.1500
2490,-28.4833,153.1333
2500,-34.4278,150.8931
2502,-34.4167,150.8833
2505,-34.4000,150.8833
2506,-34.3833,150.8667
2508,-34.3500,150.8667
2515,-34.3000,150.8333
2516,-34.2833,150.8167
2517,-34.2667,150.8000
2518,-34.2500,150.7833
2519,-34.2333,150.7667
2520,-34.2167,150.7500
2525,-34.5333,150.8500
2526,-34.5500,150.8333
2527,-34.5667,150.8167
2528,-34.5833,150.8000
2529,-34.6000,150.7833
2530,-34.6167,150.7667
2533,-34.7167,150.7167
2534,-34.7333,150.7000
2535,-34.7500,150.6833
2536,-34.7667,150.6667
2537,-34.7833,150.6500
2538,-34.8000,150.6333
2539,-34.8167,150.6167
2540,-34.8333,150.6000
2541,-34.8500,150.5833
2545,-35.0500,150.6333
2546,-35.0667,150.6167
2548,-35.1000,150.5833
2549,-35.1167,150.5667
2550,-36.2167,149.9000
2551,-36.2333,149.8833
2555,-34.0333,150.8333
2556,-34.0167,150.8167
2557,-34.0000,150.8000
2558,-33.9833,150.7833
2559,-33.9667,150.7667
2560,-33.9500,150.7500
2563,-33.9000,150.8333
2564,-33.8833,150.8167
2565,-33.8667,150.8000
2566,-33.8500,150.7833
2567,-33.8333,150.7667
2568,-33.8167,150.7500
2569,-33.8000,150.7333
2570,-34.0667,150.8000
2571,-34.0500,150.8000
2572,-34.0333,150.7833
2573,-34.0167,150.7667
2574,-34.0000,150.7500
2575,-33.9833,150.7333
2576,-33.9667,150.7167
2577,-33.9500,150.7000
2578,-33.9333,150.6833
2579,-34.1333,150.5333
2580,-34.1500,150.5167
2581,-34.1667,150.5000
2582,-34.1833,150.4833
2583,-34.2000,150.4667
2584,-34.2167,150.4500
2585,-34.2333,150.4333
2586,-34.2500,150.4167
2594,-34.3333,150.3500
2600,-35.2809,149.1300
2601,-35.2778,149.1189
2602,-35.2625,149.1433
2603,-35.3147,149.1175
2604,-35.3150,149.1444
2605,-35.3322,149.1500
2606,-35.3333,149.1333
2607,-35.3500,149.1167
2609,-35.3667,149.0833
2611,-35.2167,149.0500
2612,-35.2333,149.0333
2614,-35.2167,149.0667
2615,-35.2386,149.0661
2617,-35.1844,149.1322
2618,-35.1667,149.1500
2620,-35.1167,149.1667
2621,-35.0833,149.1833
2622,-35.0667,149.2000
2623,-35.0500,149.2167
2630,-35.6333,149.5833
2631,-35.6500,149.5667
2632,-35.6667,149.5500
2640,-36.0806,146.9158
2641,-36.0667,146.9333
2642,-36.0500,146.9500
2643,-36.0333,146.9667
2644,-36.0167,146.9833
2645,-36.0000,147.0000
2646,-35.9833,147.0167
2647,-35.9667,147.0333
2648,-35.9500,147.0500
2649,-35.9333,147.0667
2650,-35.1333,147.3667
2651,-35.1167,147.3833
2652,-35.1000,147.4000
2653,-35.0833,147.4167
2655,-35.0500,147.4500
2656,-35.0333,147.4667
2658,-35.0000,147.5000
2659,-34.9833,147.5167
2660,-34.9667,147.5333
2661,-34.9500,147.5500
2663,-34.9167,147.5833
2665,-34.8833,147.6167
2666,-34.8667,147.6333
2668,-34.8333,147.6667
2669,-34.8167,147.6833
2671,-34.7833,147.7167
2672,-34.7667,147.7333
2675,-34.7167,147.7833
2700,-34.3500,146.0333
2701,-34.3333,146.0167
2702,-34.3167,146.0000
2703,-34.3000,145.9833
2705,-34.2667,145.9500
2706,-34.2500,145.9333
2707,-34.2333,145.9167
2708,-34.2167,145.9000
2710,-35.0333,143.5500
2711,-35.0500,143.5333
2712,-35.0667,143.5167
2713,-35.0833,143.5000
2714,-35.1000,143.4833
2715,-35.1167,143.4667
2731,-33.3667,146.0333
2732,-33.3500,146.0500
2733,-33.3333,146.0667
2734,-33.3167,146.0833
2735,-33.3000,146.1000
2745,-33.7833,150.8167
2746,-33.7667,150.8000
2747,-33.7500,150.7833
2748,-33.7333,150.7667
2749,-33.7167,150.7500
2750,-33.7506,150.6942
2751,-33.7333,150.6833
2752,-33.7167,150.6667
2753,-33.7000,150.6500
2754,-33.6833,150.6333
2755,-33.6667,150.6167
2756,-33.6500,150.6000
2757,-33.6333,150.5833
2758,-33.6167,150.5667
2759,-33.6000,150.5500
2760,-33.5833,150.5333
2761,-33.7667,150.5667
2762,-33.7500,150.5500
2763,-33.7333,150.5333
2765,-33.7000,150.5000
2766,-33.6833,150.4833
2767,-33.6667,150.4667
2768,-33.6500,150.4500
2769,-33.6333,150.4333
2770,-33.6167,150.4167
2773,-33.5667,150.3667
2774,-33.5500,150.3500
2775,-33.5333,150.3333
2776,-33.5167,150.3167
2777,-33.5000,150.3000
2778,-33.4833,150.2833
2779,-33.4667,150.2667
2780,-33.4500,150.2500
2782,-33.4167,150.2167
2783,-33.4000,150.2000
2784,-33.3833,150.1833
2785,-33.3667,150.1667
2786,-33.3500,150.1500
2787,-33.3333,150.1333
2790,-33.2500,149.8167
2795,-33.5167,149.5833
2797,-33.4833,149.5333
2798,-33.4667,149.5167
2799,-33.4500,149.5000
2800,-33.2839,149.0994
2803,-33.2500,149.0667
2804,-33.2333,149.0500
2805,-33.2167,149.0333
2806,-33.2000,149.0167
2807,-33.1833,149.0000
2808,-33.1667,148.9833
2809,-33.1500,148.9667
2810,-33.1333,148.9500
2820,-32.2500,148.6000
2821,-32.2333,148.5833
2823,-32.2000,148.5500
2824,-32.1833,148.5333
2825,-32.1667,148.5167
2826,-32.1500,148.5000
2827,-32.1333,148.4833
2828,-32.1167,148.4667
2829,-32.1000,148.4500
2830,-32.2569,148.6011
2831,-32.2333,148.5833
2832,-32.2167,148.5667
2834,-32.1833,148.5333
2835,-32.1667,148.5167
2836,-32.1500,148.5000
2839,-32.0833,148.4333
2840,-31.4167,147.0167
2842,-31.3833,147.0500
2843,-31.3667,147.0667
2844,-31.3500,147.0833
2845,-31.3333,147.1000
2846,-31.3167,147.1167
2847,-31.3000,147.1333
2848,-31.2833,147.1500
2849,-31.2667,147.1667
2850,-31.2500,147.1833
3000,-37.8136,144.9631
3001,-37.8136,144.9631
3002,-37.8083,144.9614
3003,-37.8272,144.9522
3004,-37.8310,144.9826
3005,-37.8200,145.0000
3006,-37.8272,144.9942
3008,-37.8142,144.9414
3010,-37.8167,144.9167
3011,-37.7833,144.8833
3012,-37.7833,144.9167
3013,-37.7667,144.9167
3015,-37.8433,144.8867
3016,-37.8500,144.8833
3018,-37.7667,144.8667
3019,-37.7833,144.8500
3020,-37.7500,144.8500
3021,-37.7500,144.8833
3022,-37.7667,144.9000
3023,-37.7333,144.9000
3024,-37.7167,144.9167
3025,-37.7000,144.9167
3026,-37.6833,144.9167
3027,-37.7000,144.8833
3028,-37.7167,144.8833
3029,-37.8793,144.7003
3030,-37.9000,144.6583
3031,-37.7833,144.9500
3032,-37.7667,144.9667
3033,-37.7667,144.9500
3034,-37.7667,144.9333
3036,-37.7333,144.8667
3037,-37.7167,144.8500
3038,-37.7000,144.8333
3039,-37.6833,144.8167
3040,-37.6667,144.8167
3041,-37.7500,144.9500
3042,-37.7333,144.9667
3043,-37.7167,144.9833
3044,-37.6833,144.8833
3045,-37.7333,144.9333
3046,-37.7167,144.9500
3047,-37.7000,144.9500
3048,-37.6833,144.9500
3049,-37.6667,144.9500
3050,-37.6833,144.9667
3051,-37.7833,144.9667
3052,-37.7667,144.9833
3053,-37.7500,144.9833
3054,-37.7333,145.0000
3055,-37.7167,145.0167
3056,-37.7000,145.0167
3057,-37.7500,145.0167
3058,-37.7333,145.0333
3059,-37.7167,145.0333
3060,-37.7000,145.0333
3061,-37.6833,145.0333
3062,-37.6667,145.0333
3063,-37.6500,145.0500
3064,-37.6333,145.0667
3065,-37.7833,145.0000
3066,-37.7667,145.0167
3067,-37.7500,145.0333
3068,-37.7333,145.0500
3070,-37.7000,145.0500
3071,-37.7167,145.0667
3072,-37.7467,145.0033
3073,-37.7333,145.0667
3074,-37.7167,145.0833
3075,-37.7000,145.0833
3076,-37.6833,145.0833
3078,-37.6500,145.1000
3079,-37.6333,145.1167
3081,-37.7333,145.0833
3082,-37.7167,145.1000
3083,-37.7000,145.1000
3084,-37.6833,145.1000
3085,-37.7500,145.1167
3087,-37.7000,145.1167
3088,-37.6833,145.1167
3089,-37.6667,145.1167
3093,-37.6333,145.1333
3094,-37.6167,145.1500
3095,-37.6000,145.1667
3096,-37.5833,145.1833
3097,-37.5667,145.2000
3099,-37.6333,145.2333
3101,-37.8333,145.0167
3102,-37.8167,145.0333
3103,-37.8000,145.0500
3104,-37.7833,145.0667
3105,-37.8000,145.0333
3106,-37.8167,145.0167
3107,-37.7667,145.0500
3108,-37.7500,145.0667
3109,-37.7333,145.0833
3110,-37.7167,145.1000
3111,-37.7000,145.1167
3113,-37.8500,145.0333
3114,-37.8333,145.0500
3115,-37.8167,145.0667
3116,-37.8000,145.0833
3121,-37.8227,144.9983
3122,-37.8167,145.0167
3123,-37.8000,145.0333
3124,-37.8167,145.0500
3125,-37.8333,145.0667
3126,-37.8500,145.0500
3127,-37.8667,145.0500
3128,-37.8500,145.0667
3129,-37.8667,145.0667
3130,-37.8833,145.1000
3131,-37.8500,145.0833
3132,-37.8333,145.1000
3133,-37.8167,145.1167
3134,-37.8000,145.1333
3135,-37.8167,145.1000
3136,-37.8000,145.1167
3137,-37.7833,145.1333
3138,-37.7667,145.1500
3139,-37.7500,145.1667
3140,-37.8500,145.1000
3141,-37.8333,145.1167
3142,-37.8167,145.1333
3143,-37.8000,145.1500
3144,-37.8167,145.1500
3145,-37.8333,145.1333
3146,-37.8500,145.1167
3147,-37.8667,145.1167
3148,-37.8833,145.1167
3149,-37.8667,145.1333
3150,-37.8761,145.1639
3151,-37.8500,145.1333
3152,-37.8333,145.1500
3153,-37.8167,145.1667
3154,-37.8000,145.1833
3155,-37.8167,145.1833
3156,-37.8333,145.1667
3158,-37.8667,145.1500
3159,-37.8833,145.1333
3160,-37.9000,145.1333
3161,-37.8667,145.1667
3162,-37.8500,145.1500
3163,-37.8333,145.1833
3165,-37.8833,145.1500
3166,-37.9000,145.1500
3167,-37.9167,145.1500
3168,-37.9333,145.1500
3169,-37.9500,145.1500
3170,-37.9333,145.1667
3171,-37.9167,145.1667
3172,-37.9000,145.1667
3173,-37.9167,145.1833
3174,-37.9333,145.1833
3175,-37.9871,145.2148
3177,-37.9833,145.2000
3178,-37.9667,145.2000
3179,-37.9500,145.2000
3180,-37.9333,145.2000
3181,-37.8667,145.1833
3182,-37.8500,145.1667
3183,-37.8833,145.1667
3184,-37.9000,145.1833
3185,-37.9167,145.2000
3186,-37.9333,145.2167
3187,-37.9500,145.2167
3188,-37.9667,145.2167
3189,-37.9833,145.2167
3190,-37.9667,145.2333
3191,-37.9500,145.2333
3192,-37.9333,145.2333
3193,-37.9167,145.2333
3194,-37.9000,145.2333
3195,-37.9833,145.2333
3196,-37.9667,145.2500
3197,-37.9500,145.2667
3198,-37.9833,145.2500
3199,-38.1422,145.1239
3200,-38.1333,145.1333
3201,-38.1167,145.1500
3202,-38.1000,145.1667
3204,-38.0833,145.1833
3205,-38.0667,145.2000
3206,-38.0500,145.2167
3207,-38.0333,145.2333
3211,-38.1333,144.3500
3212,-38.1500,144.3667
3213,-38.1667,144.3833
3214,-38.1833,144.4000
3215,-38.2000,144.4167
3216,-38.1833,144.3333
3217,-38.1667,144.3500
3218,-38.1500,144.3667
3219,-38.1333,144.3833
3220,-38.1167,144.4000
3221,-38.1000,144.4167
3222,-38.0833,144.4333
3223,-38.0667,144.4500
3224,-38.0500,144.4667
3225,-38.0333,144.4833
3226,-38.0167,144.5000
3227,-38.0000,144.5167
3228,-37.9833,144.5333
3230,-38.3333,142.0833
3231,-38.3500,142.1000
3232,-38.3667,142.1167
3233,-38.3833,142.1333
3234,-38.4000,142.1500
3235,-38.4167,142.1667
3236,-38.4333,142.1833
3237,-38.4500,142.2000
3238,-38.4667,142.2167
3239,-38.4833,142.2333
3240,-38.1500,144.2667
3241,-38.1667,144.2833
3242,-38.1833,144.3000
3243,-38.2000,144.3167
3249,-38.3167,143.6167
3250,-38.3333,143.6333
3251,-38.3500,143.6500
3254,-38.4167,143.7167
3260,-38.2167,141.6167
3264,-38.2833,141.6833
3265,-38.3000,141.7000
3266,-38.3167,141.7167
3267,-38.3333,141.7333
3268,-38.3500,141.7500
3269,-38.3667,141.7667
3270,-38.3833,141.7833
3271,-38.4000,141.8000
3272,-38.4167,141.8167
3276,-38.5167,142.2167
3277,-38.5333,142.2333
3278,-38.5500,142.2500
3279,-38.5667,142.2667
3280,-38.5833,142.2833
3281,-38.6000,142.3000
3282,-38.6167,142.3167
3283,-38.6333,142.3333
3284,-38.6500,142.3500
3285,-38.6667,142.3667
3286,-38.6833,142.3833
3287,-38.7000,142.4000
3289,-38.7333,142.4333
3292,-38.7833,142.4833
3293,-38.8000,142.5000
3294,-38.8167,142.5167
3300,-38.0833,143.5500
3301,-38.1000,143.5667
3302,-38.1167,143.5833
3303,-38.1333,143.6000
3304,-38.1500,143.6167
3305,-38.1667,143.6333
3309,-38.2500,143.7167
3310,-38.2667,143.7333
3311,-38.2833,143.7500
3312,-38.3000,143.7667
3314,-38.3333,143.8000
3315,-38.3500,143.8167
3318,-38.4167,143.8833
3340,-37.3833,144.2667
3341,-37.4000,144.2833
3342,-37.4167,144.3000
3350,-37.5622,143.8503
3351,-37.5500,143.8667
3352,-37.5333,143.8833
3353,-37.5167,143.9000
3354,-37.5000,143.9167
3355,-37.4833,143.9333
3356,-37.4667,143.9500
3357,-37.4500,143.9667
3360,-37.3167,143.7500
3363,-37.2667,143.8000
3364,-37.2500,143.8167
3370,-37.1833,143.9167
3371,-37.1667,143.9333
3373,-37.1333,143.9667
3374,-37.1167,143.9833
3375,-37.1000,144.0000
3377,-37.0667,144.0333
3378,-37.0500,144.0500
3379,-37.0333,144.0667
3380,-37.0167,144.0833
3381,-37.0000,144.1000
3384,-36.9333,144.1667
3385,-36.9167,144.1833
3387,-36.8833,144.2167
3388,-36.8667,144.2333
3390,-36.8333,144.2667
3391,-36.8167,144.2833
3400,-36.3500,145.0833
3401,-36.3333,145.1000
3407,-36.2500,145.1667
3412,-36.1667,145.2333
3413,-36.1500,145.2500
3414,-36.1333,145.2667
3415,-36.1167,145.2833
3418,-36.0667,145.3167
3419,-36.0500,145.3333
3420,-36.0333,145.3500
3423,-35.9667,145.4000
3424,-35.9500,145.4167
3427,-35.9000,145.4667
3428,-35.8833,145.4833
3429,-35.8667,145.5000
3430,-35.8500,145.5167
3431,-35.8333,145.5333
3432,-35.8167,145.5500
3433,-35.8000,145.5667
3434,-35.7833,145.5833
3435,-35.7667,145.6000
3437,-35.7333,145.6333
3438,-35.7167,145.6500
3440,-35.6833,145.6833
3441,-35.6667,145.7000
3442,-35.6500,145.7167
3444,-35.6167,145.7500
3446,-35.5833,145.7833
3447,-35.5667,145.8000
3448,-35.5500,145.8167
3450,-35.5167,145.8500
3451,-35.5000,145.8667
3453,-35.4667,145.9000
3458,-35.3833,145.9833
3460,-35.3500,146.0167
3461,-35.3333,146.0333
3462,-35.3167,146.0500
3463,-35.3000,146.0667
3464,-35.2833,146.0833
3465,-35.2667,146.1000
3472,-36.7333,144.1667
3475,-36.6833,144.2167
3477,-36.6500,144.2500
3478,-36.6333,144.2667
3480,-36.6000,144.3000
3482,-36.5667,144.3333
3483,-36.5500,144.3500
3485,-36.5167,144.3833
3487,-36.4833,144.4167
3488,-36.4667,144.4333
3489,-36.4500,144.4500
3490,-36.4333,144.4667
3491,-36.4167,144.4833
3500,-34.1850,142.1584
3501,-34.1667,142.1750
3502,-34.1500,142.1917
3505,-34.1000,142.2417
3506,-34.0833,142.2583
3507,-34.0667,142.2750
3509,-34.0333,142.3083
3512,-33.9833,142.3583
3515,-33.9333,142.4083
3516,-33.9167,142.4250
3517,-33.9000,142.4417
3518,-33.8833,142.4583
3520,-33.8500,142.4917
3521,-33.8333,142.5083
3522,-33.8167,142.5250
3523,-33.8000,142.5417
3525,-33.7667,142.5750
3529,-33.7000,142.6417
3530,-33.6833,142.6583
3531,-33.6667,142.6750
3537,-35.7333,143.5000
3540,-35.6667,143.5667
3549,-36.4167,144.7500
3550,-36.7570,144.2794
3551,-36.7500,144.2667
3555,-36.7000,144.2167
3556,-36.6833,144.2000
3558,-36.6500,144.1667
3559,-36.6333,144.1500
3561,-36.6000,144.1167
3562,-36.5833,144.1000
3563,-36.5667,144.0833
3564,-36.5500,144.0667
3565,-36.5333,144.0500
3566,-36.5167,144.0333
3567,-36.5000,144.0167
3568,-36.4833,144.0000
3570,-36.4500,143.9667
3571,-36.4333,143.9500
3572,-36.4167,143.9333
3575,-36.3667,143.8833
3576,-36.3500,143.8667
3579,-36.3000,143.8167
3580,-36.2833,143.8000
3581,-36.2667,143.7833
3583,-36.2333,143.7500
3584,-36.2167,143.7333
3585,-36.2000,143.7167
3586,-36.1833,143.7000
3588,-36.1500,143.6667
3589,-36.1333,143.6500
3590,-36.1167,143.6333
3591,-36.1000,143.6167
3594,-36.0500,143.5667
3595,-36.0333,143.5500
3596,-36.0167,143.5333
3597,-36.0000,143.5167
3599,-35.9667,143.4833
3607,-36.2500,145.4167
3608,-36.2333,145.4333
3610,-36.2000,145.4667
3612,-36.1667,145.5000
3614,-36.1333,145.5333
3616,-36.1000,145.5667
3617,-36.0833,145.5833
3618,-36.0667,145.6000
3620,-36.0333,145.6333
3621,-36.0167,145.6500
3622,-36.0000,145.6667
3623,-35.9833,145.6833
3624,-35.9667,145.7000
3629,-35.9000,145.7667
3630,-35.8833,145.7833
3631,-35.8667,145.8000
3633,-35.8333,145.8333
3634,-35.8167,145.8500
3635,-35.8000,145.8667
3636,-35.7833,145.8833
3637,-35.7667,145.9000
3638,-35.7500,145.9167
3639,-35.7333,145.9333
3640,-35.7167,145.9500
3641,-35.7000,145.9667
3642,-35.6833,145.9833
3643,-35.6667,146.0000
3644,-35.6500,146.0167
3646,-35.6167,146.0500
3647,-35.6000,146.0667
3649,-35.5667,146.1000
3658,-36.0667,146.5667
3659,-36.0500,146.5833
3660,-36.0333,146.6000
3662,-36.0000,146.6333
3663,-35.9833,146.6500
3664,-35.9667,146.6667
3666,-35.9333,146.7000
3669,-35.8833,146.7500
3670,-35.8667,146.7667
3672,-35.8333,146.8000
3673,-35.8167,146.8167
3675,-35.7833,146.8500
3677,-35.7500,146.8833
3678,-35.7333,146.9000
3682,-36.1333,146.4000
3683,-36.1167,146.4167
3685,-36.0833,146.4500
3687,-36.0500,146.4833
3688,-36.0333,146.5000
3689,-36.0167,146.5167
3690,-36.1217,146.8881
3691,-36.1000,146.9000
3694,-36.0500,146.9500
3695,-36.0333,146.9667
3697,-36.0000,147.0000
3698,-35.9833,147.0167
3699,-35.9667,147.0333
3700,-35.9500,147.0500
3701,-35.9333,147.0667
3704,-35.8833,147.1167
3705,-35.8667,147.1333
3707,-35.8333,147.1667
3708,-35.8167,147.1833
3709,-35.8000,147.2000
3711,-35.7667,147.2333
3712,-35.7500,147.2500
3713,-35.7333,147.2667
3714,-35.7167,147.2833
3715,-35.7000,147.3000
3717,-35.6667,147.3333
3718,-35.6500,147.3500
3719,-35.6333,147.3667
3720,-35.6167,147.3833
3722,-35.5833,147.4167
3723,-35.5667,147.4333
3725,-35.5333,147.4667
3726,-35.5167,147.4833
3727,-35.5000,147.5000
3728,-35.4833,147.5167
3730,-35.4500,147.5500
3732,-35.4167,147.5833
3733,-35.4000,147.6000
3737,-35.3333,147.6667
3739,-35.3000,147.7000
3740,-35.2833,147.7167
3741,-35.2667,147.7333
3744,-37.7167,145.1833
3746,-37.7000,145.2000
3747,-37.6833,145.2167
3749,-37.6500,145.2500
3750,-37.6333,145.2667
3751,-37.6167,145.2833
3752,-37.6000,145.3000
3753,-37.5833,145.3167
3754,-37.5667,145.3333
3755,-37.5500,145.3500
3756,-37.5333,145.3667
3757,-37.5167,145.3833
3758,-37.5000,145.4000
3759,-37.4833,145.4167
3760,-37.4667,145.4333
3761,-37.4500,145.4500
3762,-37.4333,145.4667
3763,-37.4167,145.4833
3764,-37.4000,145.5000
3765,-37.3833,145.5167
3766,-37.3667,145.5333
3767,-37.3500,145.5500
3770,-37.3000,145.6000
3775,-37.2167,145.6833
3777,-37.1833,145.7167
3778,-37.1667,145.7333
3779,-37.1500,145.7500
3781,-37.1167,145.7833
3782,-37.1000,145.8000
3783,-37.0833,145.8167
3785,-37.0500,145.8500
3786,-37.0333,145.8667
3787,-37.0167,145.8833
3788,-37.0000,145.9000
3789,-36.9833,145.9167
3791,-36.9500,145.9500
3792,-36.9333,145.9667
3793,-36.9167,145.9833
3795,-36.8833,146.0167
3796,-36.8667,146.0333
3797,-36.8500,146.0500
3799,-36.8167,146.0833
3800,-37.8167,145.2833
3802,-37.8000,145.3000
3803,-37.7833,145.3167
3804,-37.7667,145.3333
3805,-37.7500,145.3500
3806,-37.7333,145.3667
3807,-37.7167,145.3833
3808,-37.7000,145.4000
3809,-37.6833,145.4167
3810,-37.6667,145.4333
3812,-37.6333,145.4667
3813,-37.6167,145.4833
3814,-37.6000,145.5000
3815,-37.5833,145.5167
3816,-37.5667,145.5333
3818,-37.5333,145.5667
3820,-37.5000,145.6000
3821,-37.4833,145.6167
3822,-37.4667,145.6333
3823,-37.4500,145.6500
3824,-37.4333,145.6667
3825,-37.4167,145.6833
3831,-37.8333,145.2667
3832,-37.8167,145.2833
3833,-37.8000,145.3000
3840,-37.9333,145.2333
3842,-37.9167,145.2500
3844,-37.8833,145.2833
3847,-37.8333,145.3167
3850,-37.8000,145.3500
3851,-37.7833,145.3667
3852,-37.7667,145.3833
3853,-37.7500,145.4000
3854,-37.7333,145.4167
3855,-37.7167,145.4333
3856,-37.7000,145.4500
3857,-37.6833,145.4667
3858,-37.6667,145.4833
3859,-37.6500,145.5000
3860,-37.6333,145.5167
3862,-37.6000,145.5500
3864,-37.5667,145.5833
3865,-37.5500,145.6000
3869,-37.4833,145.6667
3870,-37.4667,145.6833
3871,-37.4500,145.7000
3873,-37.4167,145.7333
3874,-37.4000,145.7500
3875,-37.3833,145.7667
3878,-37.3333,145.8167
3880,-37.3000,145.8500
3882,-37.2667,145.8833
3885,-37.2167,145.9333
3886,-37.2000,145.9500
3887,-37.1833,145.9667
3888,-37.1667,145.9833
3889,-37.1500,146.0000
3890,-37.1333,146.0167
3891,-37.1167,146.0333
3892,-37.1000,146.0500
3893,-37.0833,146.0667
3895,-37.0500,146.1000
3896,-37.0333,146.1167
3898,-37.0000,146.1500
3900,-37.9333,145.2667
3902,-37.9167,145.2833
3903,-37.9000,145.3000
3904,-37.8833,145.3167
3910,-37.8167,145.3667
3911,-37.8000,145.3833
3912,-37.7833,145.4000
3913,-37.7667,145.4167
3915,-37.7333,145.4500
3916,-37.7167,145.4667
3918,-37.6833,145.5000
3919,-37.6667,145.5167
3920,-37.6500,145.5333
3921,-37.6333,145.5500
3922,-37.6167,145.5667
3923,-37.6000,145.5833
3925,-37.5667,145.6167
3926,-37.5500,145.6333
3927,-37.5333,145.6500
3928,-37.5167,145.6667
3929,-37.5000,145.6833
3930,-37.4833,145.7000
3931,-37.4667,145.7167
3933,-37.4333,145.7500
3934,-37.4167,145.7667
3936,-37.3833,145.8000
3937,-37.3667,145.8167
3938,-37.3500,145.8333
3939,-37.3333,145.8500
3940,-37.3167,145.8667
3941,-37.3000,145.8833
3942,-37.2833,145.9000
3943,-37.2667,145.9167
3944,-37.2500,145.9333
3950,-38.1000,145.1333
3951,-38.0833,145.1500
3952,-38.0667,145.1667
3953,-38.0500,145.1833
3954,-38.0333,145.2000
3955,-38.0167,145.2167
3956,-38.0000,145.2333
3957,-37.9833,145.2500
3958,-37.9667,145.2667
3959,-37.9500,145.2833
3960,-37.9333,145.3000
3975,-38.1167,145.2833
3976,-38.1000,145.3000
3977,-38.0994,145.2831
3978,-38.0833,145.3000
3979,-38.0667,145.3167
3980,-38.0500,145.3333
3981,-38.0333,145.3500
3984,-38.2167,145.4500
3987,-38.1667,145.5000
3988,-38.1500,145.5167
3989,-38.1333,145.5333
3990,-38.1167,145.5500
3991,-38.1000,145.5667
3992,-38.0833,145.5833
4000,-27.4698,153.0251
4001,-27.4698,153.0251
4002,-27.4500,153.0167
4003,-27.4667,153.0333
4004,-27.4500,153.0333
4005,-27.4333,153.0333
4006,-27.4558,153.0348
4007,-27.4167,153.0333
4008,-27.4000,153.0333
4009,-27.4333,153.0500
4010,-27.4167,153.0500
4011,-27.4000,153.0500
4012,-27.3833,153.0500
4013,-27.4333,153.0667
4014,-27.4167,153.0667
4017,-27.2964,153.0536
4018,-27.2833,153.0667
4019,-27.2667,153.0833
4020,-27.2500,153.1000
4021,-27.2333,153.1167
4022,-27.2167,153.1333
4030,-27.4833,153.0000
4031,-27.4667,153.0000
4032,-27.4500,153.0000
4034,-27.4167,152.9833
4035,-27.4000,152.9833
4036,-27.3833,152.9833
4037,-27.3667,152.9833
4051,-27.4667,153.0167
4053,-27.4500,153.0167
4054,-27.4333,153.0167
4055,-27.4167,153.0167
4059,-27.3500,153.0167
4060,-27.3333,153.0167
4061,-27.3167,153.0167
4064,-27.4833,152.9833
4065,-27.4667,152.9667
4066,-27.4500,152.9500
4067,-27.4333,152.9333
4068,-27.4167,152.9167
4069,-27.4000,152.9000
4070,-27.3833,152.8833
4073,-27.3333,152.8167
4074,-27.3167,152.8000
4075,-27.3000,152.7833
4076,-27.2833,152.7667
4077,-27.2667,152.7500
4101,-27.4833,153.0167
4102,-27.5000,153.0167
4103,-27.5167,153.0167
4104,-27.5333,153.0167
4105,-27.5500,153.0167
4106,-27.5667,153.0167
4107,-27.5833,153.0167
4108,-27.6000,153.0167
4109,-27.6167,153.0167
4110,-27.6333,153.0167
4111,-27.6500,153.0167
4112,-27.6667,153.0167
4113,-27.5167,153.0333
4114,-27.5333,153.0333
4115,-27.5500,153.0333
4116,-27.5667,153.0333
4117,-27.5833,153.0333
4118,-27.6000,153.0333
4119,-27.6167,153.0333
4120,-27.6333,153.0333
4121,-27.6500,153.0333
4122,-27.6667,153.0333
4123,-27.6833,153.0333
4124,-27.7000,153.0333
4125,-27.7167,153.0333
4127,-27.5333,153.0500
4128,-27.5500,153.0500
4129,-27.5667,153.0500
4130,-27.5833,153.0500
4131,-27.6000,153.0500
4132,-27.6167,153.0500
4133,-27.6333,153.0500
4151,-27.5167,153.0667
4152,-27.5333,153.0667
4153,-27.5500,153.0667
4154,-27.5667,153.0667
4155,-27.5833,153.0667
4156,-27.6000,153.0667
4157,-27.6167,153.0667
4158,-27.6333,153.0667
4159,-27.6500,153.0667
4160,-27.6667,153.0667
4161,-27.6833,153.0667
4163,-27.5500,153.0833
4164,-27.5667,153.0833
4165,-27.5833,153.0833
4169,-27.6500,153.0833
4170,-27.6667,153.0833
4171,-27.6833,153.0833
4172,-27.7000,153.0833
4173,-27.7167,153.0833
4174,-27.7333,153.0833
4178,-27.6500,153.1000
4179,-27.6667,153.1000
4183,-27.7333,153.1000
4184,-27.7500,153.1000
4205,-27.9167,153.3833
4207,-27.7167,153.2000
4208,-27.7333,153.2167
4209,-27.7500,153.2333
4210,-27.7667,153.2500
4211,-27.7833,153.2667
4212,-27.8000,153.2833
4213,-27.8167,153.3000
4214,-27.8333,153.3167
4215,-27.9667,153.4000
4216,-27.8667,153.3500
4217,-27.8833,153.3667
4218,-27.9000,153.3833
4220,-27.9333,153.4167
4221,-27.9500,153.4333
4223,-27.9833,153.4667
4224,-28.0000,153.4833
4225,-28.0167,153.5000
4226,-28.0333,153.5167
4227,-28.0500,153.5333
4228,-28.0667,153.5500
4229,-28.0833,153.5667
4230,-28.1000,153.5833
4270,-27.6167,152.9667
4271,-27.6333,152.9500
4272,-27.6500,152.9333
4275,-27.7000,152.8833
4280,-27.5833,152.7833
4285,-27.5167,152.6167
4287,-27.4833,152.5500
4300,-27.6167,152.7667
4301,-27.6333,152.7500
4303,-27.6667,152.7167
4304,-27.6833,152.7000
4305,-27.7000,152.6833
4306,-27.7167,152.6667
4307,-27.7333,152.6500
4309,-27.7667,152.6167
4310,-27.7833,152.6000
4311,-27.8000,152.5833
4312,-27.8167,152.5667
4313,-27.8333,152.5500
4340,-27.5500,152.3333
4341,-27.5667,152.3167
4342,-27.5833,152.3000
4343,-27.6000,152.2833
4344,-27.6167,152.2667
4345,-27.6333,152.2500
4346,-27.6500,152.2333
4347,-27.6667,152.2167
4350,-27.5598,151.9507
4352,-27.5333,151.9333
4353,-27.5167,151.9167
4354,-27.5000,151.9000
4355,-27.4833,151.8833
4356,-27.4667,151.8667
4357,-27.4500,151.8500
4358,-27.4333,151.8333
4359,-27.4167,151.8167
4360,-27.4000,151.8000
4361,-27.3833,151.7833
4362,-27.3667,151.7667
4363,-27.3500,151.7500
4364,-27.3333,151.7333
4365,-27.3167,151.7167
4370,-28.0333,152.3333
4371,-28.0500,152.3167
4372,-28.0667,152.3000
4373,-28.0833,152.2833
4374,-28.1000,152.2667
4375,-28.1167,152.2500
4376,-28.1333,152.2333
4377,-28.1500,152.2167
4378,-28.1667,152.2000
4380,-28.2000,152.1667
4381,-28.2167,152.1500
4382,-28.2333,152.1333
4383,-28.2500,152.1167
4384,-28.2667,152.1000
4385,-28.2833,152.0833
4387,-28.3167,152.0500
4388,-28.3333,152.0333
4390,-28.3667,152.0000
4400,-27.6667,151.9500
4401,-27.6833,151.9333
4402,-27.7000,151.9167
4403,-27.7167,151.9000
4404,-27.7333,151.8833
4405,-27.7500,151.8667
4406,-27.7667,151.8500
4407,-27.7833,151.8333
4408,-27.8000,151.8167
4410,-27.8333,151.7833
4411,-27.8500,151.7667
4412,-27.8667,151.7500
4413,-27.8833,151.7333
4415,-27.9167,151.7000
4416,-27.9333,151.6833
4417,-27.9500,151.6667
4418,-27.9667,151.6500
4419,-27.9833,151.6333
4420,-28.0000,151.6167
4421,-28.0167,151.6000
4422,-28.0333,151.5833
4455,-26.5833,151.9000
4461,-26.6500,151.8333
4462,-26.6667,151.8167
4465,-26.7167,151.7667
4467,-26.7500,151.7333
4468,-26.7667,151.7167
4470,-26.8000,151.6833
4472,-26.8333,151.6500
4473,-26.8500,151.6333
4474,-26.8667,151.6167
4475,-26.8833,151.6000
4477,-26.9167,151.5667
4478,-26.9333,151.5500
4479,-26.9500,151.5333
4480,-26.9667,151.5167
4486,-27.0500,151.4500
4487,-27.0667,151.4333
4488,-27.0833,151.4167
4489,-27.1000,151.4000
4490,-27.1167,151.3833
4494,-27.1833,151.3167
4496,-27.2167,151.2833
4497,-27.2333,151.2667
4498,-27.2500,151.2500
4500,-27.3833,153.1167
4501,-27.3667,153.1333
4502,-27.3500,153.1500
4503,-27.3333,153.1667
4504,-27.3167,153.1833
4505,-27.3000,153.2000
4506,-27.2833,153.2167
4507,-27.2667,153.2333
4508,-27.2500,153.2500
4509,-27.2333,153.2667
4510,-27.2167,153.2833
4511,-27.2000,153.3000
4512,-27.1833,153.3167
4514,-27.1500,153.3500
4515,-27.1333,153.3667
4516,-27.1167,153.3833
4517,-27.1000,153.4000
4518,-27.0833,153.4167
4519,-27.0667,153.4333
4520,-27.0500,153.4500
4521,-27.0333,153.4667
4550,-26.6833,153.0833
4551,-26.7994,153.1319
4552,-26.7667,153.0833
4553,-26.7500,153.0667
4554,-26.7333,153.0500
4555,-26.7167,153.0333
4556,-26.7000,153.0167
4557,-26.6833,153.0000
4558,-26.6667,152.9833
4559,-26.6500,152.9667
4560,-26.6569,153.0897
4561,-26.6333,153.1167
4562,-26.6167,153.1333
4563,-26.6000,153.1500
4564,-26.5833,153.1667
4565,-26.5667,153.1833
4566,-26.5500,153.2000
4567,-26.5333,153.2167
4568,-26.5167,153.2333
4569,-26.5000,153.2500
4570,-26.4833,153.2667
4571,-26.4667,153.2833
4572,-26.4500,153.3000
4573,-26.4333,153.3167
4574,-26.4167,153.3333
4575,-26.4000,153.3500
4580,-26.3333,153.0833
4581,-26.3167,153.1000
4600,-24.8833,152.3333
4601,-24.9000,152.3500
4605,-24.9667,152.4167
4606,-24.9833,152.4333
4610,-25.0333,152.4833
4611,-25.0500,152.5000
4612,-25.0667,152.5167
4613,-25.0833,152.5333
4614,-25.1000,152.5500
4615,-25.1167,152.5667
4620,-25.1833,152.6333
4621,-25.2000,152.6500
4625,-25.2667,152.7167
4626,-25.2833,152.7333
4627,-25.3000,152.7500
4630,-25.3500,152.8000
4650,-25.2833,152.3500
4655,-25.3500,152.2833
4659,-25.4167,152.2167
4660,-25.4333,152.2000
4670,-24.8661,152.3489
4671,-24.8833,152.3667
4673,-24.9167,152.4000
4674,-24.9333,152.4167
4676,-24.9667,152.4500
4677,-24.9833,152.4667
4678,-25.0000,152.4833
4680,-25.0333,152.5167
4694,-24.5833,151.9167
4695,-24.6000,151.9333
4697,-24.6333,151.9667
4699,-24.6667,152.0000
4700,-23.3833,150.5167
4701,-23.3781,150.5136
4702,-23.4000,150.5333
4703,-23.4167,150.5500
4704,-23.4333,150.5667
4710,-23.4833,150.6167
4711,-23.5000,150.6333
4712,-23.5167,150.6500
4713,-23.5333,150.6667
4714,-23.5500,150.6833
4715,-23.5667,150.7000
4716,-23.5833,150.7167
4717,-23.6000,150.7333
4718,-23.6167,150.7500
4719,-23.6333,150.7667
4720,-23.5250,148.1567
4721,-23.5417,148.1733
4722,-23.5583,148.1900
4723,-23.5750,148.2067
4724,-23.5917,148.2233
4725,-23.6083,148.2400
4726,-23.6250,148.2567
4727,-23.6417,148.2733
4728,-23.6583,148.2900
4730,-23.6917,148.3233
4731,-23.7083,148.3400
4732,-23.7250,148.3567
4733,-23.7417,148.3733
4735,-23.7750,148.4067
4737,-23.8083,148.4400
4738,-23.8250,148.4567
4739,-23.8417,148.4733
4740,-21.1550,149.1867
4741,-21.1717,149.2033
4742,-21.1883,149.2200
4743,-21.2050,149.2367
4744,-21.2217,149.2533
4745,-21.2383,149.2700
4746,-21.2550,149.2867
4750,-21.2883,149.3200
4751,-21.3050,149.3367
4753,-21.3383,149.3700
4754,-21.3550,149.3867
4756,-21.3883,149.4200
4757,-21.4050,149.4367
4798,-22.2883,150.0533
4799,-22.3050,150.0700
4800,-19.2500,146.8167
4801,-19.2667,146.8333
4802,-19.2833,146.8500
4803,-19.3000,146.8667
4804,-19.3167,146.8833
4805,-19.3333,146.9000
4806,-19.3500,146.9167
4807,-19.3667,146.9333
4808,-19.3833,146.9500
4809,-19.4000,146.9667
4810,-19.2590,146.8169
4811,-19.2750,146.8333
4812,-19.2917,146.8500
4814,-19.3250,146.8833
4815,-19.3417,146.9000
4816,-19.3583,146.9167
4817,-19.3750,146.9333
4818,-19.3917,146.9500
4819,-19.4083,146.9667
4820,-19.4250,146.9833
4850,-16.9167,145.7667
4860,-17.3833,145.9000
4865,-17.5167,145.9667
4868,-17.6000,145.9833
4869,-17.6333,145.9500
4870,-16.9186,145.7781
4871,-16.9333,145.7917
4872,-16.9500,145.8083
4873,-16.9667,145.8250
4874,-16.9833,145.8417
4875,-17.0000,145.8583
4876,-17.0167,145.8750
4877,-17.0333,145.8917
4878,-17.0500,145.9083
4879,-17.0014,145.4264
4880,-17.0167,145.4417
4881,-17.0333,145.4583
4882,-17.0500,145.4750
4883,-17.0667,145.4917
4884,-17.0833,145.5083
4885,-17.1000,145.5250
4886,-17.1167,145.5417
4887,-17.1333,145.5583
5000,-34.9285,138.6007
5001,-34.9285,138.6007
5005,-34.9167,138.5833
5006,-34.9058,138.5956
5007,-34.9000,138.5667
5008,-34.8833,138.5500
5009,-34.8667,138.5333
5010,-34.8500,138.5167
5011,-34.8333,138.5000
5012,-34.8167,138.4833
5013,-34.8000,138.4667
5014,-34.7833,138.4500
5015,-34.8469,138.5050
5016,-34.8333,138.5333
5017,-34.8500,138.5500
5018,-34.8667,138.5667
5019,-34.8833,138.5833
5020,-34.9000,138.6000
5021,-34.9167,138.6167
5022,-34.9333,138.6333
5023,-34.9500,138.6500
5024,-34.9667,138.6667
5025,-34.9833,138.6833
5031,-34.9794,138.5133
5032,-34.9667,138.5000
5033,-34.9500,138.4833
5034,-34.9333,138.4667
5035,-34.9167,138.4500
5037,-34.8833,138.4167
5038,-34.8667,138.4000
5039,-34.8500,138.3833
5040,-34.8333,138.3667
5041,-34.8167,138.3500
5042,-34.8000,138.3333
5043,-34.7833,138.3167
5044,-34.7667,138.3000
5045,-34.7500,138.2833
5046,-34.7333,138.2667
5047,-34.7167,138.2500
5048,-34.7000,138.2333
5049,-34.6833,138.2167
5050,-34.9667,138.6000
5051,-34.9500,138.5833
5052,-34.9333,138.5667
5061,-34.9167,138.6500
5062,-34.9000,138.6667
5063,-34.8833,138.6833
5064,-34.8667,138.7000
5065,-34.8500,138.7167
5066,-34.8333,138.7333
5067,-34.8167,138.7500
5068,-34.8000,138.7667
5069,-34.7833,138.7833
5070,-34.7667,138.8000
5072,-34.7333,138.8333
5073,-34.7167,138.8500
5074,-34.7000,138.8667
5075,-34.6833,138.8833
5076,-34.6667,138.9000
5081,-34.8833,138.6500
5082,-34.8667,138.6667
5083,-34.8500,138.6833
5084,-34.8333,138.7000
5085,-34.8167,138.7167
5086,-34.8000,138.7333
5087,-34.7833,138.7500
5088,-34.7667,138.7667
5089,-34.7500,138.7833
5090,-34.7333,138.8000
5091,-34.7167,138.8167
5092,-34.7000,138.8333
5093,-34.6833,138.8500
5094,-34.6667,138.8667
5095,-34.8094,138.6111
5096,-34.7833,138.6333
5097,-34.7667,138.6500
5098,-34.7500,138.6667
5106,-34.6833,138.6833
5107,-34.6667,138.7000
5108,-34.7667,138.6333
5109,-34.7500,138.6500
5110,-34.7333,138.6667
5111,-34.7167,138.6833
5112,-34.7000,138.7000
5113,-34.6833,138.7167
5114,-34.6667,138.7333
5115,-34.6500,138.7500
5116,-34.6333,138.7667
5117,-34.6167,138.7833
5118,-34.6000,138.8000
5120,-34.5667,138.8333
5121,-34.5500,138.8500
5125,-34.4833,138.9167
5126,-34.4667,138.9333
5127,-34.4500,138.9500
5131,-34.3833,139.0167
5132,-34.3667,139.0333
5133,-34.3500,139.0500
5134,-34.3333,139.0667
5137,-34.2667,139.1333
5138,-34.2500,139.1500
5139,-34.2333,139.1667
5140,-34.2167,139.1833
5141,-34.2000,139.2000
5142,-34.1833,139.2167
5144,-34.1500,139.2500
5150,-35.0167,138.5167
5151,-35.0000,138.5333
5152,-34.9833,138.5500
5153,-34.9667,138.5667
5154,-34.9500,138.5833
5155,-34.9333,138.6000
5156,-34.9167,138.6167
5157,-34.9000,138.6333
5158,-34.8833,138.6500
5159,-35.1267,138.5200
5160,-35.1000,138.5333
5161,-35.0833,138.5500
5162,-35.1000,138.5667
5163,-35.0833,138.5833
5164,-35.0667,138.6000
5165,-35.0500,138.6167
5166,-35.0333,138.6333
5167,-35.0167,138.6500
5168,-35.0000,138.6667
5169,-35.0833,138.5000
5170,-35.0667,138.5167
5171,-35.0500,138.5333
5172,-35.0333,138.5500
5173,-35.0167,138.5667
5174,-35.0000,138.5833
5201,-35.4667,138.8333
5202,-35.4833,138.8500
5203,-35.5000,138.8667
5204,-35.5167,138.8833
5210,-35.5833,138.9500
5211,-35.6000,138.9667
5212,-35.6167,138.9833
5213,-35.6333,139.0000
5214,-35.6500,139.0167
5220,-35.7167,139.0833
5221,-35.7333,139.1000
5222,-35.7500,139.1167
5223,-35.7667,139.1333
5230,-35.8333,139.2000
5231,-35.8500,139.2167
5232,-35.8667,139.2333
5233,-35.8833,139.2500
5234,-35.9000,139.2667
5235,-35.9167,139.2833
5236,-35.9333,139.3000
5237,-35.9500,139.3167
5238,-35.9667,139.3333
5240,-36.0000,139.3667
5241,-36.0167,139.3833
5242,-36.0333,139.4000
5243,-36.0500,139.4167
5244,-36.0667,139.4333
5245,-36.0833,139.4500
5250,-35.0500,138.8667
5251,-35.0667,138.8833
5252,-35.0833,138.9000
5253,-35.1000,138.9167
5254,-35.1167,138.9333
5255,-35.1333,138.9500
5256,-35.1500,138.9667
5259,-35.2000,139.0167
5260,-35.2167,139.0333
5261,-35.2333,139.0500
5262,-35.2500,139.0667
5263,-35.2667,139.0833
5264,-35.2833,139.1000
5265,-35.3000,139.1167
5266,-35.3167,139.1333
5267,-35.3333,139.1500
5268,-35.3500,139.1667
5269,-35.3667,139.1833
5270,-35.3833,139.2000
5271,-35.4000,139.2167
5272,-35.4167,139.2333
5273,-35.4333,139.2500
5275,-35.4667,139.2833
5276,-35.4833,139.3000
5277,-35.5000,139.3167
5278,-35.5167,139.3333
5279,-35.5333,139.3500
5280,-35.5500,139.3667
5290,-37.8297,140.7828
5291,-37.8467,140.8000
5301,-35.1167,140.7667
5302,-35.1333,140.7833
5303,-35.1500,140.8000
5304,-35.1667,140.8167
5307,-35.2167,140.8667
5308,-35.2333,140.8833
5309,-35.2500,140.9000
5310,-35.2667,140.9167
5311,-35.2833,140.9333
5320,-34.6000,140.6667
5321,-34.6167,140.6833
5322,-34.6333,140.7000
5330,-34.7333,140.7667
5331,-34.7500,140.7833
5333,-34.7833,140.8167
5340,-34.2000,140.8667
5341,-34.2167,140.8833
5342,-34.2333,140.9000
5343,-34.2500,140.9167
5344,-34.2667,140.9333
5345,-34.2833,140.9500
5346,-34.3000,140.9667
5350,-34.1000,140.7667
5351,-34.1167,140.7833
5352,-34.1333,140.8000
5353,-34.1500,140.8167
5354,-34.1667,140.8333
5355,-34.1833,140.8500
5356,-34.2000,140.8667
5357,-34.2167,140.8833
5360,-33.8667,140.6500
5371,-33.6000,140.5833
5372,-33.6167,140.6000
5373,-33.6333,140.6167
5374,-33.6500,140.6333
5381,-33.5000,140.7667
5400,-33.8667,135.8667
5401,-33.8833,135.8833
5410,-34.7333,135.8667
5411,-34.7500,135.8833
5412,-34.7667,135.9000
5413,-34.7833,135.9167
5414,-34.8000,135.9333
5415,-34.8167,135.9500
5416,-34.8333,135.9667
5417,-34.8500,135.9833
5418,-34.8667,136.0000
5419,-34.8833,136.0167
5420,-34.9000,136.0333
5421,-34.9167,136.0500
5422,-34.9333,136.0667
5431,-35.0500,136.1833
5432,-35.0667,136.2000
5433,-35.0833,136.2167
5434,-35.1000,136.2333
5440,-33.8333,137.7667
5451,-32.4833,137.7667
5452,-32.5000,137.7833
5453,-32.5167,137.8000
5454,-32.5333,137.8167
5455,-32.5500,137.8333
5460,-33.1333,137.6000
5461,-33.1500,137.6167
5462,-33.1667,137.6333
5463,-33.1833,137.6500
5464,-33.2000,137.6667
5470,-33.7667,138.0000
5471,-33.7833,138.0167
5472,-33.8000,138.0333
5473,-33.8167,138.0500
5480,-33.3667,138.5500
5481,-33.3833,138.5667
5482,-33.4000,138.5833
5483,-33.4167,138.6000
5490,-34.4333,138.6833
5491,-34.4500,138.7000
5500,-34.3333,139.5000
5501,-34.3500,139.5167
5502,-34.3667,139.5333
5510,-33.6833,139.4833
5520,-34.6167,138.4667
5521,-34.6333,138.4833
5522,-34.6500,138.5000
5523,-34.6667,138.5167
5540,-33.0000,138.0167
5550,-32.1167,137.3000
5552,-32.1500,137.3333
5554,-32.2000,137.3833
5556,-32.2333,137.4167
5558,-32.2667,137.4500
5560,-32.3000,137.4833
5570,-32.9333,137.7167
5571,-32.9500,137.7333
5572,-32.9667,137.7500
5573,-32.9833,137.7667
5575,-33.0167,137.8000
5576,-33.0333,137.8167
5577,-33.0500,137.8333
5580,-33.3500,138.2833
5581,-33.3667,138.3000
5582,-33.3833,138.3167
5583,-33.4000,138.3333
5600,-33.0333,137.5833
5601,-33.0500,137.6000
5602,-33.0667,137.6167
5603,-33.0833,137.6333
5604,-33.1000,137.6500
5605,-33.1167,137.6667
5606,-33.1333,137.6833
5607,-33.1500,137.7000
5608,-33.1667,137.7167
5609,-33.1833,137.7333
5630,-32.2000,133.3667
5631,-32.2167,133.3833
5632,-32.2333,133.4000
5633,-32.2500,133.4167
5640,-31.5167,136.8833
5641,-31.5333,136.9000
5642,-31.5500,136.9167
5650,-30.7333,135.5000
5651,-30.7500,135.5167
5652,-30.7667,135.5333
5660,-31.9167,141.4500
5661,-31.9333,141.4667
5670,-32.5000,137.8333
5671,-32.5167,137.8500
5680,-30.0500,139.5000
5690,-30.7333,136.8000
5700,-32.4927,137.7658
5701,-32.5100,137.7833
5710,-33.0333,137.8833
5713,-33.0833,137.9333
5717,-33.1667,138.0167
5719,-33.2167,138.0667
5720,-33.2333,138.0833
5721,-33.2500,138.1000
5722,-33.2667,138.1167
5723,-33.2833,138.1333
5724,-33.3000,138.1500
5725,-33.3167,138.1667
5730,-30.7500,138.6000
5731,-30.7667,138.6167
5732,-30.7833,138.6333
5733,-30.8000,138.6500
6000,-31.9505,115.8605
6001,-31.9505,115.8605
6003,-31.9472,115.8417
6004,-31.9333,115.8333
6005,-31.9167,115.8167
6006,-31.9000,115.8000
6007,-31.8833,115.7833
6008,-31.8667,115.7667
6009,-31.8500,115.7500
6010,-31.8333,115.7333
6011,-31.8167,115.7167
6012,-31.8000,115.7000
6014,-31.9333,115.8500
6015,-31.9167,115.8667
6016,-31.9000,115.8833
6017,-31.9000,115.8167
6018,-31.8833,115.8333
6019,-31.8667,115.8500
6020,-31.8500,115.8667
6021,-31.8333,115.8833
6022,-31.8167,115.9000
6023,-31.8000,115.9167
6024,-31.7833,115.9333
6025,-31.7667,115.9500
6026,-31.7500,115.9667
6027,-31.7333,115.9833
6028,-31.7167,116.0000
6029,-31.7000,116.0167
6030,-31.6833,116.0333
6050,-31.9333,115.8667
6051,-31.9167,115.8833
6052,-31.9000,115.9000
6053,-31.8833,115.9167
6054,-31.8667,115.9333
6055,-31.8500,115.9500
6056,-31.8333,115.9667
6057,-31.8167,115.9833
6058,-31.8000,116.0000
6059,-31.7833,116.0167
6060,-31.7667,116.0333
6061,-31.7500,116.0500
6062,-31.7333,116.0667
6063,-31.7167,116.0833
6064,-31.7000,116.1000
6065,-31.8833,116.0167
6066,-31.8667,116.0333
6067,-31.8500,116.0500
6068,-31.8333,116.0667
6069,-31.8167,116.0833
6070,-31.8000,116.1000
6071,-31.7833,116.1167
6072,-31.7667,116.1333
6073,-31.7500,116.1500
6074,-31.7333,116.1667
6076,-31.7000,116.2000
6077,-31.6833,116.2167
6078,-31.6667,116.2333
6090,-32.0667,115.7500
6100,-32.0333,115.8000
6101,-32.0167,115.8167
6102,-32.0000,115.8333
6103,-31.9833,115.8500
6104,-31.9667,115.8667
6105,-31.9500,115.8833
6106,-31.9333,115.9000
6107,-32.0175,115.9342
6108,-31.9833,115.9167
6109,-31.9667,115.9333
6110,-31.9500,115.9500
6111,-31.9333,115.9667
6112,-32.1500,116.0167
6121,-32.1333,116.0333
6122,-32.1167,116.0500
6123,-32.1000,116.0667
6124,-32.0833,116.0833
6125,-32.0667,116.1000
6147,-32.0167,115.9667
6148,-32.0333,115.9833
6149,-32.0500,116.0000
6150,-32.0667,116.0167
6151,-32.0833,116.0333
6152,-32.1000,116.0500
6153,-32.1167,116.0667
6154,-32.1333,116.0833
6155,-32.0500,115.8833
6156,-32.0667,115.9000
6157,-32.0833,115.9167
6158,-32.1000,115.9333
6159,-32.1167,115.9500
6160,-32.1333,115.9667
6161,-32.1500,115.9833
6162,-32.1667,116.0000
6163,-32.0833,115.7833
6164,-32.1500,115.8500
6165,-32.1667,115.8667
6166,-32.1833,115.8833
6167,-32.2000,115.9000
6168,-32.2167,115.9167
6169,-32.2333,115.9333
6170,-32.2500,115.9500
6171,-32.2667,115.9667
6172,-32.2833,115.9833
6173,-32.3000,116.0000
6174,-32.3167,116.0167
6175,-32.3333,116.0333
6176,-32.3500,116.0500
6180,-32.2833,115.8000
6181,-32.3000,115.8167
6182,-32.3167,115.8333
6207,-32.1833,115.7333
6208,-32.2000,115.7500
6209,-32.2167,115.7667
6210,-32.5269,115.7231
6211,-32.5433,115.7400
6213,-32.5767,115.7733
6214,-32.5933,115.7900
6215,-32.6100,115.8067
6220,-32.6600,115.8567
6221,-32.6767,115.8733
6223,-32.7100,115.9067
6224,-32.7267,115.9233
6225,-32.7433,115.9400
6226,-32.7600,115.9567
6227,-32.7767,115.9733
6228,-32.7933,115.9900
6229,-32.8100,116.0067
6230,-33.3267,115.6383
6231,-33.3433,115.6550
6233,-33.3767,115.6883
6236,-33.4267,115.7383
6237,-33.4433,115.7550
6239,-33.4767,115.7883
6240,-33.4933,115.8050
6243,-33.5433,115.8550
6244,-33.5600,115.8717
6251,-34.3333,115.0667
6252,-34.3500,115.0833
6253,-34.3667,115.1000
6254,-34.3833,115.1167
6255,-34.4000,115.1333
6256,-34.4167,115.1500
6258,-34.4500,115.1833
6260,-34.4833,115.2167
6262,-34.5167,115.2500
6271,-33.8333,115.0500
6275,-33.7333,115.1500
6280,-33.6167,115.3333
6281,-33.6333,115.3500
6282,-33.6500,115.3667
6284,-33.6833,115.4000
6285,-33.7000,115.4167
6286,-33.7167,115.4333
6288,-33.7500,115.4667
6290,-33.7833,115.5000
6302,-32.0333,116.0333
6304,-32.0667,116.0667
6306,-32.1000,116.1000
6308,-32.1333,116.1333
6309,-32.1500,116.1500
6330,-35.0269,117.8839
6331,-35.0433,117.9006
6333,-35.0767,117.9339
6335,-35.1100,117.9672
6337,-35.1433,118.0006
6338,-35.1600,118.0172
6341,-35.2100,118.0672
6343,-35.2433,118.1006
6346,-35.2933,118.1506
6348,-35.3267,118.1839
6350,-35.3600,118.2172
6351,-35.3767,118.2339
6353,-35.4100,118.2672
6355,-35.4433,118.3006
6357,-35.4767,118.3339
6358,-35.4933,118.3506
6359,-35.5100,118.3672
6361,-35.5433,118.4006
6363,-35.5767,118.4339
6365,-35.6100,118.4672
6367,-35.6433,118.5006
6368,-35.6600,118.5172
6369,-35.6767,118.5339
6370,-35.6933,118.5506
6372,-35.7267,118.5839
6373,-35.7433,118.6006
6375,-35.7767,118.6339
6383,-33.8333,121.8833
6384,-33.8500,121.9000
6385,-33.8667,121.9167
6386,-33.8833,121.9333
6390,-33.9333,121.9833
6391,-33.9500,122.0000
6392,-33.9667,122.0167
6393,-33.9833,122.0333
6394,-34.0000,122.0500
6395,-34.0167,122.0667
6396,-34.0333,122.0833
6397,-34.0500,122.1000
6398,-34.0667,122.1167
6400,-33.2167,119.6500
6401,-33.2333,119.6667
6403,-33.2667,119.7000
6405,-33.3000,119.7333
6407,-33.3333,119.7667
6409,-33.3667,119.8000
6410,-33.3833,119.8167
6411,-33.4000,119.8333
6412,-33.4167,119.8500
6413,-33.4333,119.8667
6414,-33.4500,119.8833
6415,-33.4667,119.9000
6418,-33.5167,119.9500
6419,-33.5333,119.9667
6420,-33.5500,119.9833
6421,-33.5667,120.0000
6422,-33.5833,120.0167
6423,-33.6000,120.0333
6424,-33.6167,120.0500
6425,-33.6333,120.0667
6426,-33.6500,120.0833
6427,-33.6667,120.1000
6428,-33.6833,120.1167
6429,-33.7000,120.1333
6430,-30.7489,121.4658
6431,-30.7656,121.4825
6432,-30.7822,121.4992
6433,-30.7989,121.5158
6434,-30.8156,121.5325
6435,-30.8322,121.5492
6436,-30.8489,121.5658
6437,-30.8656,121.5825
6438,-30.8822,121.5992
6440,-30.9322,121.6492
6441,-30.9489,121.6658
6442,-30.9656,121.6825
6443,-30.9822,121.6992
6450,-28.7833,114.6167
6460,-29.7500,115.0333
6465,-30.4167,115.7000
6466,-30.4333,115.7167
6467,-30.4500,115.7333
6468,-30.4667,115.7500
6470,-30.5167,116.0000
6472,-30.5500,116.0333
6473,-30.5667,116.0500
6475,-30.6000,116.0833
6476,-30.6167,116.1000
6477,-30.6333,116.1167
6479,-30.6667,116.1500
6480,-30.6833,116.1667
6484,-30.7500,116.2333
6485,-30.7667,116.2500
6487,-30.8000,116.2833
6488,-30.8167,116.3000
6489,-30.8333,116.3167
6490,-30.8500,116.3333
6502,-31.7833,115.9833
6503,-31.8000,116.0000
6505,-31.8333,116.0333
6506,-31.8500,116.0500
6507,-31.8667,116.0667
6509,-31.9000,116.1000
6510,-31.9167,116.1167
6511,-31.9333,116.1333
6512,-31.9500,116.1500
6513,-31.9667,116.1667
6514,-31.9833,116.1833
6515,-32.0000,116.2000
6516,-32.0167,116.2167
6517,-32.0333,116.2333
6518,-32.0500,116.2500
6519,-32.0667,116.2667
6521,-32.1000,116.3000
6522,-32.1167,116.3167
6525,-32.1667,116.3667
6528,-32.2167,116.4167
6530,-28.7667,114.6167
6531,-28.7833,114.6333
6532,-28.8000,114.6500
6535,-28.8500,114.7000
6536,-28.8667,114.7167
6537,-28.8833,114.7333
6556,-30.0500,116.0333
6558,-30.0833,116.0667
6560,-30.1167,116.1000
6562,-30.1500,116.1333
6564,-30.1833,116.1667
6566,-30.2167,116.2000
6567,-30.2333,116.2167
6568,-30.2500,116.2333
6569,-30.2667,116.2500
6571,-30.3000,116.2833
6572,-30.3167,116.3000
6574,-30.3500,116.3333
6575,-30.3667,116.3500
6603,-32.3333,116.0667
6605,-32.3667,116.1000
6606,-32.3833,116.1167
6608,-32.4167,116.1500
6609,-32.4333,116.1667
6701,-33.0333,120.7500
6705,-32.9167,120.8667
6707,-32.8667,120.9167
6710,-32.7833,121.0000
6713,-32.7167,121.0667
6714,-32.7000,121.0833
6716,-32.6667,121.1167
6718,-32.6333,121.1500
6720,-32.6000,121.1833
6721,-32.5833,121.2000
6722,-32.5667,121.2167
6725,-32.5167,121.2667
6726,-32.5000,121.2833
6728,-32.4667,121.3167
6731,-32.4167,121.3667
6733,-32.3833,121.4000
6740,-31.3333,116.6667
6743,-31.2667,116.7333
6751,-30.5000,117.5000
6754,-30.4167,117.5833
6758,-30.3000,117.7000
6760,-30.2333,117.7667
6761,-30.2167,117.7833
6762,-30.2000,117.8000
6765,-30.1500,117.8500
6770,-29.7500,118.2500
6798,-26.6000,120.6833
6799,-26.5833,120.7000
7000,-42.8821,147.3272
7001,-42.8821,147.3272
7004,-42.8964,147.3102
7005,-42.9000,147.3167
7007,-42.8500,147.2833
7008,-42.8333,147.2667
7009,-42.8167,147.2500
7010,-42.8964,147.3278
7011,-42.8739,147.3564
7012,-42.8833,147.3833
7015,-42.9333,147.3167
7016,-42.9500,147.3000
7017,-42.9667,147.2833
7018,-42.8333,147.2667
7019,-42.8167,147.2500
7020,-42.8000,147.2333
7021,-42.7833,147.2167
7022,-42.7667,147.2000
7023,-42.7500,147.1833
7024,-42.7333,147.1667
7025,-42.7167,147.1500
7026,-42.7000,147.1333
7027,-42.6833,147.1167
7030,-42.9833,147.3500
7050,-42.9167,147.5000
7051,-42.9333,147.5167
7052,-42.9500,147.5333
7053,-42.9667,147.5500
7054,-42.9833,147.5667
7055,-43.0000,147.5833
7109,-42.6833,147.3167
7110,-42.6667,147.3333
7112,-42.6333,147.3667
7113,-42.6167,147.3833
7116,-42.5667,147.4333
7117,-42.5500,147.4500
7119,-42.5167,147.4833
7120,-42.5000,147.5000
7139,-43.1833,147.3167
7140,-43.1667,147.3333
7150,-43.0333,147.4333
7151,-43.0500,147.4500
7155,-43.1000,147.5000
7163,-42.9833,147.5833
7170,-42.8769,147.3564
7171,-42.8833,147.3667
7172,-42.8667,147.3833
7173,-42.8500,147.4000
7174,-42.8333,147.4167
7175,-42.8167,147.4333
7176,-42.8000,147.4500
7177,-42.7833,147.4667
7178,-42.7667,147.4833
7179,-42.7500,147.5000
7180,-42.7333,147.5167
7182,-42.7000,147.5500
7183,-42.6833,147.5667
7184,-42.6667,147.5833
7185,-42.6500,147.6000
7186,-42.6333,147.6167
7187,-42.6167,147.6333
7190,-42.5500,147.7000
7209,-43.0333,147.2167
7210,-43.0167,147.2333
7211,-43.0000,147.2500
7212,-42.9833,147.2667
7213,-42.9667,147.2833
7214,-42.9500,147.3000
7215,-42.9333,147.3167
7248,-41.3833,147.1333
7249,-41.3667,147.1500
7250,-41.4332,147.1441
7251,-41.4167,147.1667
7252,-41.4000,147.1833
7253,-41.3833,147.2000
7254,-41.3667,147.2167
7255,-41.3500,147.2333
7256,-41.3333,147.2500
7257,-41.3167,147.2667
7258,-41.3000,147.2833
7259,-41.2833,147.3000
7260,-41.2667,147.3167
7261,-41.2500,147.3333
7262,-41.2333,147.3500
7263,-41.2167,147.3667
7264,-41.2000,147.3833
7265,-41.1833,147.4000
7267,-41.1500,147.4333
7268,-41.1333,147.4500
7270,-41.1000,147.4833
7275,-41.0000,147.5833
7276,-40.9833,147.6000
7277,-40.9667,147.6167
7290,-40.7000,147.8833
7291,-40.6833,147.9000
7292,-40.6667,147.9167
7300,-41.3333,147.0833
7301,-41.3167,147.1000
7302,-41.3000,147.1167
7303,-41.2833,147.1333
7304,-41.2667,147.1500
7305,-41.2500,147.1667
7306,-41.2333,147.1833
7307,-41.2167,147.2000
7310,-41.0500,146.3500
7315,-40.7833,145.5000
7316,-40.7667,145.5167
7320,-41.0526,145.9066
7321,-41.0333,145.9333
7322,-41.0167,145.9500
7325,-40.9500,146.0167
7330,-41.2167,145.5833
7331,-41.2000,145.6000
7466,-43.3333,147.0667
7467,-43.3167,147.0833
7468,-43.3000,147.1000
7469,-43.2833,147.1167
7470,-43.2667,147.1333
2880,-28.0167,153.4333
2898,-34.0500,141.0000
2899,-34.0667,141.0167